algorithm,num_frames,phase,total_accesses,hits,faults,hit_ratio,fault_ratio
FIFO,3,1,500,135,365,0.27,0.73
FIFO,3,2,500,58,442,0.116,0.884
FIFO,4,1,500,216,284,0.432,0.568
FIFO,4,2,500,74,426,0.148,0.852
FIFO,5,1,500,308,192,0.616,0.384
FIFO,5,2,500,93,407,0.186,0.814
FIFO,6,1,500,384,116,0.768,0.232
FIFO,6,2,500,107,393,0.214,0.786
LRU,3,1,500,134,366,0.268,0.732
LRU,3,2,500,56,444,0.112,0.888
LRU,4,1,500,206,294,0.412,0.588
LRU,4,2,500,76,424,0.152,0.848
LRU,5,1,500,295,205,0.59,0.41
LRU,5,2,500,93,407,0.186,0.814
LRU,6,1,500,416,84,0.832,0.168
LRU,6,2,500,108,392,0.216,0.784
Optimal,3,1,500,273,227,0.546,0.454
Optimal,3,2,500,148,352,0.296,0.704
Optimal,4,1,500,349,151,0.698,0.302
Optimal,4,2,500,191,309,0.382,0.618
Optimal,5,1,500,410,90,0.82,0.18
Optimal,5,2,500,222,278,0.444,0.556
Optimal,6,1,500,453,47,0.906,0.094
Optimal,6,2,500,251,249,0.502,0.498
Learned,3,1,500,194,306,0.388,0.612
Learned,3,2,500,49,451,0.098,0.902
Learned,4,1,500,273,227,0.546,0.454
Learned,4,2,500,70,430,0.14,0.86
Learned,5,1,500,369,131,0.738,0.262
Learned,5,2,500,92,408,0.184,0.816
Learned,6,1,500,450,50,0.9,0.1
Learned,6,2,500,107,393,0.214,0.786
