algorithm,num_frames,total_accesses,hits,faults,hit_ratio,fault_ratio
FIFO,3,1000,193,807,0.193,0.807
FIFO,4,1000,290,710,0.29,0.71
FIFO,5,1000,401,599,0.401,0.599
FIFO,6,1000,491,509,0.491,0.509
LRU,3,1000,190,810,0.19,0.81
LRU,4,1000,282,718,0.282,0.718
LRU,5,1000,388,612,0.388,0.612
LRU,6,1000,524,476,0.524,0.476
Optimal,3,1000,421,579,0.421,0.579
Optimal,4,1000,540,460,0.54,0.46
Optimal,5,1000,632,368,0.632,0.368
Optimal,6,1000,704,296,0.704,0.296
Learned,3,1000,243,757,0.243,0.757
Learned,4,1000,343,657,0.343,0.657
Learned,5,1000,461,539,0.461,0.539
Learned,6,1000,557,443,0.557,0.443
